order_transaction_id,client_id,hosting_vendor_id,browser_ip,creation_time,vendor_customer_id,vendor_order_id,source_url
1,234,23,214.78.143.120,2023-02-26T00:59:07Z,40b3e231-8bf0-43fe-b80d-93cd002c9e23,233,http://nsw.gov.au/non.png
2,234,23,254.157.200.28,2023-02-16T08:37:32Z,eb35aabe-d159-4dfe-aa5a-d92677d8dc3e,234,https://merriam-webster.com/consequat/in/consequat/ut/nulla.aspx
3,234,23,228.35.113.159,2023-03-07T12:06:35Z,f84b5607-62de-4e91-b16a-93b1e3602abd,235,https://psu.edu/nulla/ultrices/aliquet/maecenas/leo/odio.json
4,234,23,178.138.108.110,2023-03-05T01:31:06Z,d54c510c-a1d7-42d0-ae94-f7f6725306ba,236,https://opera.com/vel/lectus.xml
5,234,23,149.85.201.238,2023-03-12T13:20:07Z,8e25e97c-5beb-4541-b97d-14d0597c0af6,237,http://prweb.com/congue/etiam/justo.html
6,234,23,107.30.58.14,2023-03-01T21:44:24Z,4ed797c9-eadd-43db-87c6-061d8a1b7211,238,http://reuters.com/nec/sem/duis/aliquam.aspx
7,234,23,58.126.81.248,2023-02-15T07:05:58Z,d0cbea85-c8e3-4af3-a58e-ea5a506aed25,239,http://tiny.cc/ante/vivamus/tortor/duis/mattis/egestas.html
8,234,23,60.226.99.157,2023-03-07T19:46:44Z,a9f5fc44-cd13-479d-b7a4-80ad59cafc99,240,https://ning.com/quis/justo/maecenas/rhoncus/aliquam/lacus/morbi.jsp
9,234,23,27.195.139.228,2023-03-12T09:39:49Z,aa7015a8-8e24-47d5-b20d-a244b706d564,241,https://wsj.com/nulla.json
10,234,23,186.212.142.228,2023-02-20T18:28:07Z,9e9acc12-f2c0-4697-b332-dfae6f23ca94,242,https://admin.ch/justo.png
11,234,23,77.65.117.83,2023-03-12T04:04:10Z,d6302192-9614-467a-9671-18a4f7d04bdc,243,https://prlog.org/ut/erat/id.jpg
12,234,23,236.26.248.68,2023-02-20T13:11:43Z,ae6b8e96-a3bc-4a54-8d39-bdf71e6a9269,244,https://java.com/lacinia/eget/tincidunt/eget/tempus/vel/pede.json
13,234,23,186.120.236.106,2023-03-09T10:11:04Z,4bd49ac3-b0e0-4ca5-b3b5-6e228750c372,245,https://youtu.be/luctus/cum/sociis/natoque/penatibus/et/magnis.xml
14,234,23,49.38.83.83,2023-02-14T13:58:45Z,c45078cb-8311-43b4-a8a6-176b593b28f1,246,http://illinois.edu/nisl.png
15,234,23,108.18.168.243,2023-02-14T22:07:38Z,102aaee2-dee3-435a-83d0-1938e9519dbd,247,http://umich.edu/curae.xml
16,234,23,95.230.32.78,2023-02-17T15:18:54Z,b998b39f-a3b2-4a8c-8a3d-e30fff06f193,248,http://yandex.ru/lacus/at/velit/vivamus/vel/nulla/eget.aspx
17,234,23,208.100.95.88,2023-02-22T23:31:12Z,ff5025d5-828a-4ec5-87d3-8ecef5e0f17c,249,https://nifty.com/et/ultrices/posuere.json
18,234,23,73.87.189.131,2023-03-12T15:43:42Z,6704cff3-4343-4788-b40b-ced8a6e7e4e9,250,http://booking.com/rhoncus/mauris.jsp
19,234,23,225.141.113.253,2023-02-24T07:13:28Z,b6917e58-7b29-45b7-b8d8-cd77fc49fa44,251,https://trellian.com/odio/elementum.aspx
20,234,23,186.225.94.78,2023-02-27T12:09:08Z,850cc31b-7ea9-42b5-a386-b25f13a8f9d6,252,https://state.tx.us/gravida/sem/praesent/id/massa/id.js
21,234,23,153.246.75.66,2023-02-27T17:08:47Z,bd28e775-3c92-4848-a7a9-18cd8c41351a,253,http://washington.edu/praesent/blandit/lacinia/erat/vestibulum.json
22,234,23,180.206.229.226,2023-02-19T15:55:18Z,5a1adaca-7558-4d9e-84ef-17f920df9419,254,https://uiuc.edu/lorem/integer/tincidunt/ante/vel/ipsum.json
23,234,23,211.110.205.33,2023-02-26T09:50:03Z,d21b8647-3ea2-47d8-b29e-4b53da5cec4d,255,http://apache.org/pellentesque/eget/nunc.aspx
24,234,23,24.88.157.239,2023-02-23T00:16:22Z,8e952e54-24a7-439d-a04a-b38f90ec5763,256,https://ibm.com/orci/luctus/et/ultrices/posuere.jpg
25,234,23,234.252.68.1,2023-02-26T15:45:49Z,fc283425-a3ef-4e66-9f7b-40aad3423dfa,257,https://feedburner.com/ligula/suspendisse/ornare/consequat/lectus/in.jsp
26,234,23,92.17.47.227,2023-03-11T22:38:26Z,67f12714-c9d1-4d28-9e63-a3b74927a557,258,https://360.cn/faucibus/orci/luctus/et.xml
27,234,23,43.185.146.53,2023-03-07T11:55:06Z,706c67c6-d536-49bb-b5bf-c0e82060ea7a,259,http://odnoklassniki.ru/eu/est.jpg
28,234,23,161.107.124.41,2023-02-15T19:51:55Z,5c087dda-4774-4e3c-a830-d4426a291043,260,http://loc.gov/justo/aliquam/quis/turpis/eget/elit/sodales.xml
29,234,23,32.97.179.204,2023-03-05T15:46:58Z,44409d50-a09f-4252-bf9f-a41d25d14cae,261,https://odnoklassniki.ru/mauris/enim/leo/rhoncus/sed.aspx
30,234,23,254.225.71.138,2023-02-14T15:03:11Z,21f6dd8c-0a36-4dfb-87e4-f55eacd6fbbe,262,http://rambler.ru/amet/lobortis/sapien/sapien/non/mi.xml
31,234,23,123.240.196.228,2023-02-19T14:19:35Z,495262ae-a461-41e9-bdc1-1dec71d5cc2a,263,http://yandex.ru/diam/cras/pellentesque/volutpat/dui.aspx
32,234,23,214.136.250.184,2023-02-17T23:53:54Z,fe590159-3c2c-427a-814b-dfd34cd21801,264,http://sohu.com/eros/suspendisse/accumsan.aspx
33,234,23,169.181.224.99,2023-02-24T10:19:55Z,f3226a2e-7f06-4b94-8224-453b3e98e6d2,265,https://nasa.gov/convallis/nulla/neque/libero/convallis/eget.jsp
34,234,23,165.130.175.49,2023-03-03T20:59:54Z,301d108d-d1dc-4685-8cbf-74f0e26b1539,266,http://mtv.com/eu/orci/mauris/lacinia/sapien/quis.png
35,234,23,92.192.209.149,2023-03-06T03:44:40Z,f79834f7-fc0f-4cba-8896-a0877e120d16,267,http://china.com.cn/hac/habitasse/platea.jsp
36,234,23,80.148.9.134,2023-03-09T02:39:43Z,3e6c5ba1-6d89-4ac1-9487-bebe487ae60c,268,https://histats.com/rutrum/rutrum/neque/aenean/auctor/gravida.xml
37,234,23,200.114.13.214,2023-02-21T08:16:26Z,56ecce42-91e2-464d-b51e-c195473ace6b,269,http://ezinearticles.com/nisl/venenatis.aspx
38,234,23,236.235.138.125,2023-03-09T11:00:25Z,aced9634-3df0-4643-b911-ee5497f9596a,270,http://squarespace.com/in/libero/ut/massa/volutpat/convallis.json
39,234,23,177.216.52.80,2023-03-10T16:28:42Z,1e2e5c6d-273e-41a6-859a-697d313a7b68,271,https://marriott.com/nec/dui/luctus.jsp
40,234,23,116.222.50.136,2023-03-07T13:35:26Z,90f39386-b45b-46b6-b990-7abf28abe13b,272,http://meetup.com/donec/quis/orci/eget/orci/vehicula.png
41,234,23,133.159.25.22,2023-02-18T11:44:55Z,53a4df57-4064-46f4-91e5-4d1051bc609a,273,https://xing.com/cursus/urna/ut/tellus/nulla/ut/erat.jpg
42,234,23,143.30.255.182,2023-03-11T20:37:43Z,c474b632-e102-41e2-8eff-f3052939bf4b,274,https://parallels.com/lobortis/convallis/tortor/risus/dapibus.png
43,234,23,50.189.48.242,2023-02-21T15:04:44Z,be4122cd-8e34-4eae-8c32-61aa64c0ffbf,275,https://t.co/a/nibh/in/quis/justo.json
44,234,23,132.146.85.47,2023-02-16T20:40:41Z,76f70d67-309c-4518-8e0b-fe23ba73ab56,276,https://friendfeed.com/elementum/in/hac/habitasse/platea/dictumst/morbi.jsp
45,234,23,124.74.150.158,2023-02-18T17:16:41Z,fbb6c7d2-a43b-42fd-bf1e-2d725a7cc306,277,http://marriott.com/pede/morbi/porttitor.png
46,234,23,163.34.178.120,2023-02-26T16:18:40Z,ee855dc8-3382-4e77-b486-73eefd168b32,278,http://163.com/sed/ante/vivamus/tortor/duis.html
47,234,23,112.185.254.238,2023-02-27T09:33:54Z,7b36d497-0903-49b8-badc-b96721dead5e,279,http://oakley.com/ut/erat/curabitur.js
48,234,23,21.157.132.75,2023-03-03T22:12:01Z,db7a3e4c-f9a5-45df-9a27-905c88441f51,280,http://bloomberg.com/dolor/morbi.jsp
49,234,23,20.35.160.188,2023-02-17T09:57:46Z,14f9d94a-d432-431b-b623-3615d1c92d1e,281,http://naver.com/maecenas/tincidunt/lacus/at/velit/vivamus.aspx
50,234,23,174.33.164.73,2023-02-19T00:53:55Z,b782f3e1-3686-4c0b-b840-37c63f97db9b,282,http://wikia.com/cursus.jsp
51,234,23,42.204.64.73,2023-03-08T15:51:22Z,65fc87f1-102a-4ad7-96e0-2e9c2bf6afc2,283,https://quantcast.com/massa.png
52,234,23,210.107.42.120,2023-03-13T07:25:43Z,ca28fc79-992e-488f-b738-da1208ce4af8,284,https://tripod.com/eget.js
53,234,23,13.19.24.7,2023-03-03T11:44:56Z,15152f00-1cd3-4536-b147-6e6af1737369,285,https://blog.com/fringilla.js
54,234,23,13.36.191.176,2023-02-21T21:25:21Z,60147c67-a2b9-4d54-93df-5065367a0d6a,286,https://tmall.com/vel.jsp
55,234,23,185.87.123.101,2023-03-03T03:45:55Z,4727e2f5-5440-4555-8f67-e4c9aac48f52,287,http://umn.edu/maecenas/tristique.js
56,234,23,174.75.23.101,2023-03-11T11:55:42Z,3d0d59ee-7556-456e-8ed2-80292fc9e08d,288,https://netvibes.com/blandit/mi/in/porttitor.html
57,234,23,39.226.229.189,2023-03-11T11:00:24Z,654e0937-9c5c-47d9-b62e-bf11784625ad,289,http://amazon.co.uk/lectus.png
58,234,23,228.169.197.59,2023-02-22T00:45:52Z,b8a2a473-f8b7-4112-8d36-6e8ec1b67c7d,290,https://soup.io/et.aspx
59,234,23,212.10.23.95,2023-02-23T08:32:59Z,058070ec-bc87-4149-9f52-6f50ddd75aea,291,https://microsoft.com/sit/amet/nunc/viverra/dapibus/nulla.json
60,234,23,53.89.186.58,2023-03-02T22:37:50Z,7c0beed7-e932-46a2-8e50-9ed6a91f66f9,292,https://loc.gov/pulvinar/sed/nisl/nunc/rhoncus/dui/vel.aspx
61,234,23,228.174.234.91,2023-02-24T22:31:47Z,db45b5b7-aeca-447a-9e34-049925ee43af,293,https://archive.org/mus.jsp
62,234,23,15.54.56.87,2023-03-04T15:38:02Z,52963934-c2f7-40d9-a9c1-c0d9d5d3f24b,294,http://bing.com/duis/mattis/egestas.jsp
63,234,23,159.114.36.185,2023-03-10T13:25:28Z,45d9958d-dd36-4d32-9cb9-fc9bfd3e67c4,295,https://bing.com/rutrum/at/lorem/integer/tincidunt/ante.jsp
64,234,23,232.48.138.121,2023-03-06T06:41:57Z,828195a0-779d-4606-9c43-0d550c8bd358,296,https://reference.com/potenti/in/eleifend.json
65,234,23,36.77.35.46,2023-03-10T06:57:25Z,b3fb9900-6124-4e92-a30b-c3de238f16c9,297,http://google.nl/purus/eu/magna/vulputate/luctus.aspx
66,234,23,95.170.113.121,2023-03-13T04:55:53Z,f60311a0-628a-4f14-b851-55dc80c6de17,298,http://dmoz.org/libero/convallis/eget/eleifend/luctus/ultricies/eu.js
67,234,23,250.79.52.202,2023-02-15T08:28:48Z,a79a934e-f921-40b3-817f-edf0fb40928a,299,http://youku.com/venenatis.png
68,234,23,110.5.50.39,2023-02-15T17:21:01Z,cd14c65d-5f8d-492c-a92a-cc2d73f3da3a,300,https://sourceforge.net/iaculis/justo/in.js
69,234,23,98.61.96.82,2023-02-23T15:30:31Z,6a74d558-b60b-4777-8306-56aef6a4ae22,301,https://hexun.com/volutpat/eleifend/donec/ut/dolor/morbi/vel.xml
70,234,23,179.111.27.231,2023-03-11T22:22:47Z,32a7d6a2-4db9-498c-807a-0fc5ab4f398c,302,http://icq.com/ridiculus/mus/vivamus/vestibulum/sagittis/sapien.js
71,234,23,212.83.162.119,2023-03-13T23:41:06Z,23976182-afa0-4e74-9a86-11cd9cec4301,303,https://mac.com/fusce/posuere.html
72,234,23,199.57.38.28,2023-02-24T03:57:04Z,46f86f7c-f1b0-4002-a024-1348030b6bbd,304,https://fc2.com/non/ligula/pellentesque.aspx
73,234,23,240.38.178.17,2023-03-11T10:25:59Z,2aad3178-67ec-4402-937f-2a1232e2097c,305,https://yandex.ru/justo.xml
74,234,23,60.177.236.26,2023-03-08T08:43:24Z,700bcdc8-4c17-448e-a7b0-8d2f9994dfe7,306,https://dailymotion.com/natoque/penatibus/et/magnis/dis.png
75,234,23,62.244.197.141,2023-02-27T01:53:24Z,fe64eaa3-9a32-40ba-aa3e-6bbc1a169c0c,307,https://ow.ly/et.html
76,234,23,141.45.228.86,2023-03-12T00:06:45Z,cd998d8e-24b0-40be-a710-dc7ac8ec969c,308,http://yolasite.com/quisque.json
77,234,23,43.217.239.182,2023-03-11T03:17:03Z,8639324b-3017-454b-8bbb-03eb0af5d943,309,https://csmonitor.com/dignissim/vestibulum/vestibulum/ante.aspx
78,234,23,6.31.96.6,2023-02-18T11:44:34Z,640210ab-8596-4aad-bd07-e4b2eae4b1a1,310,https://diigo.com/tincidunt/in/leo/maecenas/pulvinar/lobortis/est.json
79,234,23,231.196.152.128,2023-03-07T15:04:56Z,fd7c9bcd-ece3-49d8-bd7d-7098dfbf0669,311,https://artisteer.com/nulla/nisl/nunc/nisl/duis/bibendum.png
80,234,23,137.118.8.178,2023-02-19T07:29:35Z,3c92965c-04be-4006-8aa2-e6091f2f8b2d,312,http://miitbeian.gov.cn/ut/nulla/sed.jpg
81,234,23,104.62.28.51,2023-02-21T02:10:36Z,3869ca80-b2d8-4ecd-a449-d49383bdf242,313,https://state.tx.us/orci.html
82,234,23,135.240.162.86,2023-02-24T18:57:08Z,8a3936ce-b1b6-4043-b25b-5d42a1687b9d,314,http://nhs.uk/sed/sagittis.png
83,234,23,64.218.112.193,2023-03-09T17:29:23Z,0d96c9ed-1f08-4c43-bb14-8f9935321779,315,https://ucsd.edu/velit/donec/diam/neque/vestibulum/eget.html
84,234,23,128.3.84.53,2023-02-21T12:15:34Z,c72b5d85-1eee-42b5-a682-83fd557f3aba,316,https://discuz.net/suspendisse/ornare/consequat/lectus/in/est.html
85,234,23,75.109.170.145,2023-03-11T08:36:33Z,ac9e7d94-a284-432d-ba30-2773f37e5760,317,http://forbes.com/faucibus/orci/luctus/et/ultrices/posuere/cubilia.html
86,234,23,63.102.248.148,2023-03-13T03:18:13Z,d52d1de5-14e5-47f6-8454-d8aa0d3bf169,318,https://skyrock.com/ac/leo/pellentesque/ultrices/mattis.png
87,234,23,92.62.140.194,2023-03-11T12:35:35Z,c79c2b81-2dc5-44a8-996f-c435a3167c78,319,https://thetimes.co.uk/nam/nulla.js
88,234,23,89.103.241.186,2023-02-18T07:50:40Z,72da4736-570d-44ef-90f1-a84281e7d1a3,320,https://mlb.com/cum/sociis/natoque.aspx
89,234,23,110.121.31.207,2023-02-21T09:13:27Z,03ae2209-6b31-4310-a5f5-9b8afdea5e32,321,http://wikipedia.org/integer/non/velit/donec/diam.aspx
90,234,23,252.37.249.116,2023-02-14T11:57:03Z,d6f56c2d-c262-4d5e-9ed1-64e8dc775d81,322,https://icio.us/hac/habitasse/platea/dictumst/morbi/vestibulum/velit.jsp
91,234,23,32.179.180.59,2023-02-24T22:15:24Z,ea487285-ab7d-43a8-9be5-fb572b74054e,323,http://t.co/ullamcorper/augue/a/suscipit/nulla/elit.aspx
92,234,23,102.175.182.65,2023-02-26T01:22:04Z,157ad97f-21b6-415c-8b10-f2a517480788,324,https://icio.us/turpis/enim/blandit/mi/in/porttitor.png
93,234,23,239.28.187.80,2023-03-09T04:51:35Z,5de84445-1bbf-47f3-bf54-9d9f663a044c,325,http://admin.ch/nulla/eget/eros.json
94,234,23,70.73.62.227,2023-02-25T20:32:26Z,67524e97-5f4c-4d88-9044-739e35431791,326,http://salon.com/ipsum.json
95,234,23,41.180.235.191,2023-02-23T23:17:01Z,4ba4f0cd-d16c-41be-80be-b634a57f4bbf,327,https://hud.gov/eget/nunc/donec/quis/orci/eget/orci.json
96,234,23,11.27.211.35,2023-02-15T06:35:54Z,78ddc426-9d10-4fb5-bbc8-1e32f647f548,328,http://surveymonkey.com/massa/id/nisl/venenatis/lacinia/aenean.xml
97,234,23,105.9.15.68,2023-02-16T02:33:11Z,43b7562a-bf5b-492d-9108-5cffec915bf4,329,https://devhub.com/lorem.jpg
98,234,23,127.2.145.66,2023-03-04T22:18:23Z,bdabc5fc-2dcd-4431-be4f-04607eaca643,330,http://geocities.jp/id/nisl/venenatis.jsp
99,234,23,24.33.99.31,2023-03-04T19:46:09Z,7a2b41a2-f14d-4905-b9cc-96a0233b019a,331,https://ebay.com/dui/vel/sem/sed.png
100,234,23,74.169.138.168,2023-03-06T09:56:15Z,1db279bc-d25c-472a-af29-503d52c33a2e,332,https://oracle.com/etiam/faucibus/cursus/urna.jsp
